question,document
破军星在夫妻宫有什么影响？,7ca3e2ff
破军与紫微同宫会对恋爱婚姻产生什么样的波折？,7ca3e2ff
破军化禄能否改善配偶的性格和事业？,7ca3e2ff
父母宫天同星与化禄组合代表什么样的家庭氛围？,ea8d2d53
父母宫出现化权会对自身的遗传和教育产生何种影响？,ea8d2d53
卯酉宫遇擎羊的刑克影响父母关系的表现是什么？,ea8d2d53
天同星在财帛宫如何影响财运？,9f55a54b
天同星与化禄的组合对事业发展有什么影响？,9f55a54b
财帛宫失陷会对少年时期的财富状况产生怎样的影响？,9f55a54b
六亲宫对命宫的影响如何？,02dcce2e
兄弟和子女宫中星曜组合的分析要点有哪些？,02dcce2e
如何通过六亲宫了解六亲的性情和成就？,02dcce2e
天相星在官禄宫对事业有什么影响？,d4bbe992
四化中禄马的结合如何助力于财富积累？,d4bbe992
天相星与四煞的组合会对工作造成哪些阻滞？,d4bbe992
太阳星在财帛宫的影响是什么？,80af7646
财帛宫见化禄时，如何影响财务状况？,80af7646
阳巨在命宫有何表现，对财运有什么影响？,80af7646
武曲星在疾厄宫的健康影响？,4313f8fb
化权与化忌的组合对肺部疾病的影响？,4313f8fb
四煞同宫对命主健康的潜在威胁？,4313f8fb
太阳星在父母宫的表现是什么？,adb5b400
化禄对父母的影响如何？,adb5b400
阳阴组合如何影响父母的健康与关系？,adb5b400
武曲星在迁移宫的影响是什么？,c186d077
武曲星逢化禄时，事业运势如何？,c186d077
命宫遇到煞星会有什么样的劫难和影响？,c186d077
龙池凤阁同宫对事业与声誉有哪些影响？,9f0c086c
龙池星与凤阁星的组合在命宫中具体表现如何？,9f0c086c
四化是否对龙池与凤阁的表现产生任何影响？,9f0c086c
贪狼星在疾厄宫有什么健康影响？,53021a2f
贪狼加煞时易得哪些疾病？,53021a2f
化禄和化权对身体健康的影响是什么？,53021a2f
破军星在福德宫的影响？,4fcc8fd7
化禄在破军星与命宫组合中的作用？,4fcc8fd7
破军与空劫星相遇时的心理状态如何？,4fcc8fd7
太阴星入田宅宫的影响有哪些？,2fa1ed3d
化禄对家宅和财运有何积极作用？,2fa1ed3d
有太阴化忌时家中可能出现哪些问题？,2fa1ed3d
紫微星入父母宫的影响？,5603e429
父母宫有化权和化科的组合影响如何？,5603e429
紫微破军组合下，父母关系状况如何？,5603e429
七杀星在疾厄宫有何影响？,a43a533c
幼年多病痛如何影响成年健康？,a43a533c
四煞加重在各宫位中对健康有何影响？,a43a533c
天机星在夫妻宫影响配偶特性及婚姻状况吗？,f4eb8111
配偶聪明勤勉化禄与婚姻波折化忌的关系是什么？,f4eb8111
入庙的子午宫对配偶个性及感情发展的影响如何？,f4eb8111
天梁星在财帛宫的影响是什么？,7770626c
化禄在天梁星的财运表现如何？,7770626c
天梁星与其他星曜组合对财运的影响是什么？,7770626c
父母宫如何影响个人健康和性格？,c67a4d3f
父母宫中的太阳和太阴如何判定父母的影响？,c67a4d3f
父母宫遇到化禄权科时对事业的影响如何？,c67a4d3f
文昌与文曲同守命宫的影响是什么？,012e1d0b
文昌化忌时可能出现哪些问题？,012e1d0b
昌曲同宫是否会影响事业和婚姻？,012e1d0b
天相在命宫有什么影响？,b514e30b
天相与天府同宫时的格局如何？,b514e30b
天相遇到六煞、羊陀等煞星时的吉凶如何？,b514e30b
天同星在子女宫的表现是什么？,d5bdb308
化禄对子女性格和数量有什么影响？,d5bdb308
加六煞会对子女产生怎样的影响？,d5bdb308
天梁在命宫意味着什么？,0adfabf0
天梁与化禄同宫对事业有何影响？,0adfabf0
天梁化权的特点和影响是什么？,0adfabf0
天同星在迁移宫的影响是什么？,ea7e657e
化禄、化权与人际关系的关系如何？,ea7e657e
外出发展时遇到的煞星影响有什么？,ea7e657e
天梁星在迁移宫的影响是什么？,f1822f06
化禄如何帮助事业发展？,f1822f06
迁移宫与煞星组合对人际关系有何影响？,f1822f06
七杀星在子女宫的影响是什么？,b58b1e38
化忌对子女的出生和健康有何影响？,b58b1e38
紫微星同宫能够改善子女的哪些特质？,b58b1e38
廉贞星在财帛宫如何影响财运？,8dc5a522
加禄存化禄会对财运有何提升？,8dc5a522
廉贞遇煞星易出现何种财务纠纷？,8dc5a522
天府星在父母宫有什么影响？,fdf0f177
父母宫加煞会导致哪些结果？,fdf0f177
如父母宫有空劫，父子关系会如何？,fdf0f177
天同星在福德宫有哪些生活享受？,cfd914c9
化禄对命主福寿的影响是什么？,cfd914c9
同巨星在命主人际关系中的作用如何？,cfd914c9
子女宫的星曜组合对子女的品貌和成就有何影响？,1551502d
子女宫与命宫的关系如何影响子女的才能和性情？,1551502d
子女宫见到四煞星时，可能对生育产生哪些不利影响？,1551502d
贪狼星在奴仆宫如何影响人际关系？,e75f6e49
化禄、化权对部属交友有何影响？,e75f6e49
晚年如何才能改善因交友广泛带来的困扰？,e75f6e49
天梁星在官禄宫的影响是什么？,0fa771aa
逢化禄对财务审计职业的适应性如何？,0fa771aa
天梁加空劫的组合对发明创造有什么影响？,0fa771aa
天梁星在兄弟宫的影响是什么？,91932747
化禄、化权、化科对兄弟关系的作用如何？,91932747
兄弟宫有多少兄弟朋友会出现？,91932747
文昌文曲在兄弟宫时的影响有哪些？,0f565baf
化科如何影响兄弟的和睦与名气？,0f565baf
化忌对兄弟关系的负面影响表现在哪里？,0f565baf
破碎星与蜚廉星在命宫的组合对个人的运势有什么影响？,76052ac1
命宫破碎星入身会导致怎样的健康隐患？,76052ac1
破碎星与武府阴禄同宫会对财运产生什么样的影响？,76052ac1
天府星在奴仆宫的影响？,eb6ed253
上下左右关系融洽如何影响事业发展？,eb6ed253
四化对天府星和天相组合的影响？,eb6ed253
紫微星在福德宫的影响？,7114bfed
化科如何改变紫微在福德宫的特质？,7114bfed
紫微破军与个人主观感受的关系？,7114bfed
太阴星在官禄宫的事业发展情况如何？,f0146ae6
化禄对太阴星的影响有哪些？,f0146ae6
太阴与巨门化忌组合会对职业产生什么样的困难？,f0146ae6
武曲星入父母宫的影响是什么？,64b16ebe
化禄、化权对父母关系的作用如何？,64b16ebe
父母宫遇到四煞和煞星的情况会导致怎样的结果？,64b16ebe
福德宫昌曲同宫带来的影响是什么？,8d3bfb24
文昌化科对命宫及福德宫的具体作用是什么？,8d3bfb24
何为化权，如何影响个体的社会交往和物质享受？,8d3bfb24
命宫无正星的影响是什么？,62eda74d
对宫星曜如何影响命宫无正星的运势？,62eda74d
命无正星若有吉多无煞，对财运有什么影响？,62eda74d
天相星在奴仆宫的影响是什么？,0ef678f1
朋友部下多但缺乏才干，如何看待其对事业的影响？,0ef678f1
加煞刑忌阴煞对人际关系有何具体影响？,0ef678f1
疾厄宫中文昌、文曲与擎羊的组合影响健康如何？,00eaaec7
化科在疾厄宫中能否逢凶化吉？,00eaaec7
天刑与天月的同宫可能导致哪些疾病？,00eaaec7
天相星在田宅宫的影响是什么？,0766c3cb
天相星与财荫夹的组合如何影响祖业？,0766c3cb
见禄时如何自置产业，是否有吉兆？,0766c3cb
紫微星在兄弟宫的影响是什么？,67e4d076
兄弟宫中有化权时，兄弟姐妹的关系如何？,67e4d076
当兄弟宫有加煞时，对兄弟关系有哪些负面影响？,67e4d076
太阴星在迁移宫的影响是什么？,07eb1a0c
太阴星逢化禄时在外地职业发展如何？,07eb1a0c
太阴星在迁移宫遇到化忌会带来哪些不利情况？,07eb1a0c
贪狼星在田宅宫有什么影响？,dff60f4d
田宅宫化禄时如何自置产业？,dff60f4d
昌曲同宫化忌会导致哪些房产问题？,dff60f4d
天同星在官禄宫的事业影响是什么？,c6ed5362
化禄与事业发展能力有何关系？,c6ed5362
若天同与擎羊同在事业宫，事业竞争会如何？,c6ed5362
天机星在奴仆宫，朋友多但关系不稳定如何影响事业？,474f7d06
化禄能否让朋友部属更融洽，有助于事业发展？,474f7d06
与火铃同宫的影响，对交友和人际关系有哪些具体表现？,474f7d06
将星在事业宫有何影响？,d540c6f1
岁驿与流禄同度时对事业的促进作用？,d540c6f1
劫煞与灾煞如何影响命主的财富状况？,d540c6f1
四化星在命宫的影响是什么？,32274470
化禄与化权同宫的组合如何影响事业？,32274470
化忌入命宫会导致怎样的个人特征？,32274470
太阳星入疾厄宫主哪些健康问题？,8f9d15da
太阳化禄与化忌对心血管疾病的影响是什么？,8f9d15da
阳火同宫与煞星相遇会导致哪些眼疾？,8f9d15da
武曲星在子女宫的影响是什么？,850a554c
化禄对子女运势有何具体影响？,850a554c
子女宫若加煞重，可能出现哪些状况？,850a554c
天德星在命宫的影响是什么？,3309ef32
入命的天德星如何影响事业与人际关系？,3309ef32
天德宫的特点与求神求财有何关系？,3309ef32
紫微星在官禄宫的事业运如何？,c8e13efe
紫微化权对事业发展的影响是什么？,c8e13efe
紫微化科适合什么样的职业道路？,c8e13efe
紫微星在财帛宫，财运如何？,f21cb5a7
紫府化权与武曲化禄的组合对财富有何影响？,f21cb5a7
四化中的化禄对财运的作用是什么？,f21cb5a7
命宫有天伤与天使组合如何影响运势？,e6354b2f
何谓太岁大小限重叠更凶？,e6354b2f
四化在命宫中如何影响趋吉避凶？,e6354b2f
天伤与天使星在命宫的组合会产生怎样的影响？,23da898f
天伤与天使星夹在迁移宫时如何影响人生运势？,23da898f
流年与大限中的煞忌叠冲会对天伤和天使的组合造成什么灾厄？,23da898f
贪狼星在夫妻宫的影响是什么？,a98b31fc
贪狼化权对婚姻关系有何影响？,a98b31fc
夫妻宫加四煞会导致哪些结果？,a98b31fc
武曲星在兄弟宫的影响是什么？,5dc5d338
化禄、化权在兄弟关系中的表现如何？,5dc5d338
兄弟宫遇到煞星会有什么后果？,5dc5d338
天府星在官禄宫的影响是什么？,6639bd97
天府午宫与财帛宫的关系如何？,6639bd97
四化中见到禄的影响是什么？,6639bd97
天府星在夫妻宫的婚姻状况如何？,a9cee90b
夫妻宫逢四煞会有什么影响？,a9cee90b
命宫与夫妻宫均不吉时，离异的主要原因是什么？,a9cee90b
七杀星在命宫的影响是什么？,4245490d
七杀与紫微同宫时的威权如何变化？,4245490d
七杀在寅申子午宫时有什么吉凶表现？,4245490d
太阳星在奴仆宫的特性是什么？,7bab944d
化禄对朋友和部属的影响如何？,7bab944d
太阳化忌可能带来的后果有哪些？,7bab944d
天机星居田宅宫的影响是什么？,19fde61f
化禄与天机星的组合如何影响自置产业？,19fde61f
迁动与不动产的关系如何通过四化体现？,19fde61f
贪狼星在福德宫的影响是什么？,e2f0e704
化禄在贪狼星组合中如何增加物欲？,e2f0e704
贪狼星与其他星曜的组合会带来哪些嗜好和困扰？,e2f0e704
劫杀星在命宫意味着什么？,40cf8b24
命宫有劫杀星对职场发展有什么影响？,40cf8b24
劫杀星与擎羊同度的解读,40cf8b24
天月星入命宫会导致哪些健康问题？,8fc7e0ce
天月星与煞星同宫对健康影响有多大？,8fc7e0ce
天月星入限年疾厄宫时的健康风险如何？,8fc7e0ce
紫微星在田宅宫的影响是什么？,43cd1bed
田宅宫见化权表现如何？,43cd1bed
子午宫对祖业继承有哪些影响？,43cd1bed
天府星在福德宫的吉凶影响？,94e5958f
命宫加四煞会对个人性格产生什么样的影响？,94e5958f
丑未宫的特点与财运有何关联？,94e5958f
兄弟宫天同星在命中，如何影响兄弟情谊与发展？,2552d182
化禄如何影响兄弟间的人际关系？,2552d182
见煞与化忌时，兄弟关系可能出现哪些问题？,2552d182
紫微星在迁移宫的影响是什么？,eece65e6
迁移宫见到化权、化科会有什么样的结果？,eece65e6
紫微破军组合在命宫中有何重要意义？,eece65e6
七杀星在父母宫有什么影响？,ca2421fc
父母宫有哪几种星曜组合？,ca2421fc
加煞对父母关系的影响是什么？,ca2421fc
天同星在奴仆宫如何影响人际关系？,11eb656d
化禄如何助益交友与部下？,11eb656d
同巨星倒闭时对朋友部下的影响是什么？,11eb656d
天魁星和天钺星在命宫的组合影响如何？,9f18ab71
四化中权、科分别对天魁天钺组合有什么影响？,9f18ab71
女性命中天钺星的特点和可能的感情变化是什么？,9f18ab71
巨门星位于田宅宫的影响是什么？,e750c3e1
化禄如何影响家产聚集能力？,e750c3e1
家宅不宁的原因有哪些？,e750c3e1
福德宫主星为天梁天同，对寿命有何影响？,e0b2cc3c
福德宫遇七杀独坐对女命影响如何？,e0b2cc3c
福德宫内四化的组合会对个人精神享受造成怎样的影响？,e0b2cc3c
武曲星在财帛宫的影响？,99146963
武曲与禄存化禄组合的财运如何？,99146963
遇到空劫对财运的影响是什么？,99146963
破军星在命宫的具体影响是什么？,8f9ed3ad
破军与文曲同宫会导致什么样的结果？,8f9ed3ad
破军在事业宫的表现如何，适合什么行业？,8f9ed3ad
太阳星在田宅宫的影响是什么？,59fb0c03
太阳化禄对不动产的运势有何帮助？,59fb0c03
日月同宫格局如何影响家道兴旺？,59fb0c03
命宫有禄存星与天马星，如何影响事业和财富？,297ad055
禄存星与天马星同宫时，怎样理解“禄马交驰”？,297ad055
禄存与化禄同宫时，意味着什么样的财运和人生轨迹？,297ad055
巨门星在财帛宫如何影响财运？,e5f51ce6
财帛宫逢化权时竞争带来的财务状况如何？,e5f51ce6
巨门星与桃花星相会，适合哪些行业？,e5f51ce6
七杀星在官禄宫的影响是什么？,f9bacaca
七杀与紫武廉同宫的组合如何影响事业发展？,f9bacaca
与火铃同宫的七杀星在职场上有什么利弊？,f9bacaca
奴仆宫内化科对人际关系的影响是什么？,0b5ccb66
火铃星在奴仆宫的表现如何？,0b5ccb66
化忌对朋友间关系的影响有哪些？,0b5ccb66
疾厄宫的吉凶状态如何影响健康？,90dc9255
药煞天刑对疾厄宫的影响有哪些？,90dc9255
命宫与疾厄宫的关系如何影响一生健康？,90dc9255
天府在命宫有何影响？,f1277c5c
天府与天相的关系如何影响事业？,f1277c5c
天府入命对财富的聚集能力如何？,f1277c5c
福德宫的天梁星有什么特征？,45e4e617
化禄与化权的影响是什么？,45e4e617
天梁星在命宫和福德宫的组合如何影响寿命和福气？,45e4e617
天官星与天福星在命宫的组合如何影响事业发展？,9c5b0492
命宫主星天官星如何体现贵显特质？,9c5b0492
四化中天官星与天福星的作用对性格和人际关系有什么影响？,9c5b0492
廉贞星在疾厄宫的健康影响？,4f84cfdc
廉贞化忌与武曲化忌冲会带来什么灾祸？,4f84cfdc
是否有相关星曜组合易导致尿道结石或膀胱结石？,4f84cfdc
迁移宫吉凶如何影响事业发展？,aef27738
迁移宫逢紫府机同星有何影响？,aef27738
迁移宫化忌与命宫关系如何？,aef27738
紫微星在奴仆宫有什么影响？,3484f993
紫微化权会带来哪些人际关系的问题？,3484f993
紫微与煞星组合如何影响事业和财运？,3484f993
廉贞星在父母宫的影响是什么？,81c5d9b8
化禄能改善与父母的关系吗？,81c5d9b8
廉贞与桃花的组合对父母感情有何影响？,81c5d9b8
孤辰与寡宿在命宫的组合对婚姻有何影响？,084e6a3d
命宫有孤寡星，晚婚的可能性大吗？,084e6a3d
孤辰和寡宿对人际关系有怎样的影响？,084e6a3d
武曲星在命宫的特性及影响是什么？,27f7e2c3
武曲与天府同宫的组合如何改善事业财运？,27f7e2c3
武曲化禄对财富的提升有何作用？,27f7e2c3
天同星在命宫的影响是什么？,6b4f11ef
天同化禄对事业和财运的影响如何？,6b4f11ef
天同在不同宫位的表现和性格特征有哪些区别？,6b4f11ef
天同星在田宅宫的影响是什么？,87403ff6
田宅宫有天梁化禄时，如何影响祖产和置业？,87403ff6
化忌对田宅宫的影响有哪些？,87403ff6
大耗星在命宫的影响是什么？,4b537b05
命宫有大耗星与正星失陷的组合如何影响个性？,4b537b05
四化中大耗星如何影响财运和事业？,4b537b05
擎羊与陀罗同守命宫，有何影响？,48258489
擎羊在命宫时，如何影响个人健康与家庭关系？,48258489
陀罗星在命宫和擎羊相会时，为事业发展带来哪些吉凶？,48258489
命宫的天干四化如何影响个人的命运？,008a867d
四化入奴仆宫与财帛宫的关系是什么？,008a867d
大限流禄飞入命宫的影响如何？,008a867d
巨门星在兄弟宫会导致哪些家庭关系的问题？,638b2b0d
化禄对巨门星在兄弟宫的影响是什么？,638b2b0d
兄弟宫加煞会对兄弟关系造成怎样的后果？,638b2b0d
贪狼星（命宫）在命理中主何种欲望？,e82096a7
贪狼与四化（禄、权、科、忌）的关系如何影响命主的物质与情感？,e82096a7
贪狼与羊陀同宫会对命主的感情生活产生怎样的影响？,e82096a7
三台八座在命宫的组合对社会地位有何影响？,2241229b
命宫有三台八座星，是代表何种职业或社会角色？,2241229b
三台八座的四化表现如何？,2241229b
廉贞星在田宅宫有哪些影响？,b7d20c38
廉贞化禄对置业有何帮助？,b7d20c38
家中老人灾厄与廉贞化忌的关系是什么？,b7d20c38
七杀星在夫妻宫的影响是什么？,304f4e96
如何看待七杀与贪狼的组合对婚姻的影响？,304f4e96
七杀化忌会对感情产生什么样的影响？,304f4e96
太阳位于命宫的影响有哪些？,9f0d06ae
太阳与太阴同宫时的表现如何？,9f0d06ae
太阳化禄、化权、化忌对命主的影响是什么？,9f0d06ae
太阴星在疾厄宫有哪些影响？,0da39cdc
太阴加煞时常见的疾病有哪些？,0da39cdc
四化中化禄与健康的关系是什么？,0da39cdc
紫微入六亲宫的影响是什么？,c769db35
夫妻宫紫微与化权的组合如何影响配偶的背景与能力？,c769db35
命宫破军对婚姻的具体影响有哪些？,c769db35
廉贞星在福德宫有何影响？,ab7b8368
化禄星与化忌星对个人运势有何作用？,ab7b8368
廉贞逢桃花加煞会导致哪些烦恼？,ab7b8368
廉贞星在命宫，如何影响事业与人际关系？,032f80dd
廉贞与紫微同宫时，事业上有何表现？,032f80dd
廉贞星逢化忌会产生怎样的感情挫折？,032f80dd
天相星在财帛宫的财运如何？,84982b68
财帛宫受煞星影响的情况是什么？,84982b68
天相星与陀罗同宫会对财富产生什么影响？,84982b68
夫妻宫文昌在主星庙旺情况下，配偶的声誉和文学才华如何？,a6abe209
命宫逢化科，如何看待配偶的多才多艺和文学情趣？,a6abe209
夫妻宫有火铃及羊陀，如何影响婚姻的和谐与稳定？,a6abe209
夫妻宫星曜组合对婚姻质量有什么影响？,c9ab504a
如果命宫有煞星，则夫妻宫如何影响婚姻关系？,c9ab504a
夫妻宫逢桃花星会导致什么样的婚姻状况？,c9ab504a
天相星在兄弟宫的影响是什么？,7fa1a7c4
兄弟宫受到财荫夹的情况下，兄弟关系如何？,7fa1a7c4
丑未宫的配置会对兄弟间的和睦产生怎样的影响？,7fa1a7c4
天机星在父母宫如何影响个人的家庭关系？,f4e88cd5
化禄与父母之间的关系如何？,f4e88cd5
子午宫的父母福禄影响个人生活的方式？,f4e88cd5
天梁星在田宅宫有什么影响？,97c749ed
化禄与祖业丰厚之间的关系是什么？,97c749ed
如何理解天梁星与煞星的组合对家居环境的影响？,97c749ed
巨门星在子女宫的影响？,c23e9504
子女宫遇化权如何影响口才和性情？,c23e9504
子女宫加煞星的后果是什么？,c23e9504
贪狼星在财帛宫有什么影响？,f17e3b81
逢化禄时贪狼星的财运如何？,f17e3b81
贪狼星与羊陀空劫同宫会有什么后果？,f17e3b81
贪狼星在父母宫，父母之间感情复杂如何影响命主的情感状况？,0396a58c
化禄是否改善了与父母的关系？,0396a58c
父母宫有刑克现象，命主的早年生活将会受到何种影响？,0396a58c
华盖星在命宫的影响有哪些？,e672dfaf
华盖星与日月同或三台八座禄存的组合如何增强知名度？,e672dfaf
华盖星在命宫时，如何影响婚姻和人际关系？,e672dfaf
解神星在命宫对医药事业有何影响？,15096cf2
命宫解神与天梁组合是否能有效化解竞争压力？,15096cf2
解神星入命宫会如何改变不利局面？,15096cf2
天府星在兄弟宫的影响？,e37463c1
兄弟宫有无煞星见刑忌？,e37463c1
兄弟朋友对财运的影响如何？,e37463c1
夫妻宫天同星的特征是什么？,861d13e6
化忌对配偶关系有何影响？,861d13e6
有哪几种星曜组合可能导致多婚的命运？,861d13e6
天府星在迁移宫的影响？,13162344
迁移宫与月亮擎羊同宫有何影响？,13162344
命宫紫微化权是否适合离乡创业？,13162344
贪狼星在子女宫的影响如何？,5e01e378
化禄对子女教育的具体表现是什么？,5e01e378
辰戌宫的子女格局有何特点？,5e01e378
天相星在疾厄宫如何影响健康？,92754f11
天相与羊陀、火铃夹宫对疾病有什么影响？,92754f11
四化在天相星的格局中如何影响泌尿系统的健康？,92754f11
廉贞星在子女宫的影响？,84e85652
子女宫化禄的吉凶分析？,84e85652
廉贞与贪杀同宫对子女的作用？,84e85652
财帛宫中化禄与化权组合有哪些影响？,156052c7
文曲化忌与空劫同宫对财运的影响是什么？,156052c7
财帛宫遇火铃星主的财运走势如何？,156052c7
破军星在奴仆宫的影响如何？,643a1960
化禄与破军星同宫，是否能带来助益？,643a1960
朋友部下多小人，如何避免损耗和纠纷？,643a1960
巨门星在福德宫有何影响？,bc462dc5
化禄、化权和化忌对事业发展的具体影响是什么？,bc462dc5
福德宫和命宫的庙旺状态如何影响寿命和生活质量？,bc462dc5
天机星入命宫的性格特点是什么？,28c28ad8
天机与巨门同宫会对事业产生怎样的影响？,28c28ad8
天机化权是否能增强事业的稳定性？,28c28ad8
天机星入兄弟宫的影响是什么？,38118d6c
逢化权时兄弟之间的争执表现如何？,38118d6c
兄弟少且不和的情况在不同宫位下有什么变化？,38118d6c
命宫红鸾天喜星的组合如何影响婚姻与感情？,66b1b3f1
四化对命宫红鸾与天喜星的影响是什么？,66b1b3f1
天喜星与红鸾星共宫会形成怎样的吉庆局面？,66b1b3f1
紫微星入六亲宫有何影响？,e598f337
化权如何影响子女管教？,e598f337
子女宫与紫破星组合下的子女状况如何？,e598f337
破军星在兄弟宫的影响是什么？,e8a40403
化禄如何改善兄弟朋友关系？,e8a40403
兄弟姐妹年纪差距大的表现与后果是什么？,e8a40403
破军星在子女宫的影响是什么？,a2bd45c5
化权对子女的个性和事业有何影响？,a2bd45c5
紫微同宫可否化解破军星的凶性？,a2bd45c5
天空星与地劫同入命宫会如何影响命主的事业和财运？,587384db
命宫有空劫，遭遇正星失陷时会有什么凶险？,587384db
空劫入命时，如何引导其特性以趋吉避凶？,587384db
天相星入福德宫如何影响寿命与生活质量？,af09ae1d
廉贞化吉与破军化吉在命宫的组合对感情和理智的影响是什么？,af09ae1d
遇到四煞会对事业和人际关系造成怎样的阻碍？,af09ae1d
岁建与年命相冲的影响？,1a2c428f
流年天德入命身宫的吉象是什么？,1a2c428f
白虎星与官符的组合会有哪些凶险？,1a2c428f
廉贞星在夫妻宫的影响是什么？,ed3c1ef1
廉贞星与化忌结合时对婚姻的影响如何？,ed3c1ef1
廉贞星与桃花星同宫会导致何种婚姻状况？,ed3c1ef1
太阳星在官禄宫的影响是什么？,b978563f
太阳与文昌同守官禄宫对高考和事业的利弊有哪些？,b978563f
四化中的化禄、化权、化忌对事业发展的具体影响是什么？,b978563f
廉贞星在迁移宫的影响？,9ee08311
四化禄在命宫弱时的表现？,9ee08311
外出发展对事业的利弊如何？,9ee08311
廉贞化禄主事业富贵，如何影响公职发展？,9bb8e0cb
廉贞与擎羊同宫的组合有何凶险？,9bb8e0cb
男女命在廉贞宫的吉凶差异是什么？,9bb8e0cb
武曲星在田宅宫的影响是什么？,ed7844a4
化禄与化忌对住宅的影响分别是什么？,ed7844a4
住宅靠近哪些场所会有利于财运和家宅平安？,ed7844a4
廉贞星在奴仆宫，对交友影响如何？,3129263b
化禄在廉贞宫，晚年如何得助？,3129263b
廉贞化忌，可能遭遇何种损友？,3129263b
太阳星在福德宫的影响是什么？,5de9f536
婚姻美满与左右吉星的关系如何？,5de9f536
化忌对事业与感情的具体影响是什么？,5de9f536
命宫禄权忌同宫对人生发展有何影响？,4e6b34d0
权科忌同宫时事业运势如何？,4e6b34d0
禄科忌同宫对个人财富的影响是怎样的？,4e6b34d0
天梁星在疾厄宫有何健康影响？,4290bcae
化禄与化权在健康方面有何区别？,4290bcae
加擎羊与天机星同度会引发哪些疾病？,4290bcae
贪狼星在迁移宫如何影响事业发展？,c1d50bf6
四化中化禄对人际关系与外出应酬有什么影响？,c1d50bf6
迁移宫与子午宫的组合对感情生活有何影响？,c1d50bf6
太阴星落于子女宫，是否暗示子女聪明且多才？,737714d1
化禄对子女的影响如何，尤其对女孩的表现？,737714d1
卯酉宫桃花星重，是否预示子女容易存在感情困扰？,737714d1
命宫禄权组合的事业运如何？,3428230a
禄忌对财运的影响是什么？,3428230a
权科组合的技术优势体现在哪里？,3428230a
父母宫有天梁星，如何影响父母与子女的感情？,cd6fc51b
加四煞会对父母的健康和对子女的照顾产生什么影响？,cd6fc51b
化权星在父母宫意味着什么，如何影响家庭地位和父亲的影响力？,cd6fc51b
巨门星在命宫的影响是什么？,c5262bff
四化（化禄、化权、化科）对巨门的表达能力有何影响？,c5262bff
巨门与太阳同宫的组合对事业发展有何帮助？,c5262bff
天姚星在命宫的影响？,3a65204d
咸池星与天姚星的组合对感情的影响？,3a65204d
天刑星在命宫时有什么健康隐患？,3a65204d
贪狼星在兄弟宫的影响有哪些？,d2112864
化禄对兄弟关系的改善具体表现在哪些方面？,d2112864
在兄弟宫中，见到羊陀空劫煞星会产生什么样的后果？,d2112864
命宫四化组合的吉凶影响是什么？,dbbcaaec
行限四化星组合如何影响个人运势？,dbbcaaec
紫微斗数中命宫的四化对事业的具体指导有哪些？,dbbcaaec
迁移宫天机星的影响？,ddfe8b03
化禄加吉在外发展是否有利？,ddfe8b03
外出面临哪些煞星影响？,ddfe8b03
兄弟宫中天机星落宫情况如何影响兄弟间的关系？,6e070d01
兄弟宫若有化禄，如何影响兄弟的事业发展？,6e070d01
兄弟宫中有紫府同日月相梁及六吉星，代表什么样的兄弟姐妹关系？,6e070d01
武曲星在夫妻宫的影响是什么？,eb3bcec3
武曲化忌会导致哪些婚姻困扰？,eb3bcec3
化禄对婚姻的影响是什么？,eb3bcec3
财帛宫存在空劫化忌，如何影响财运？,d51e63e2
财帛宫有紫府武廉星，财运如何？,d51e63e2
财帛宫与命宫的关系对富贵程度有何影响？,d51e63e2
破军星在田宅宫的影响是什么？,fe04a1d2
化禄星如何影响祖业与财富聚集？,fe04a1d2
住宅附近环境复杂对居住品质有何影响？,fe04a1d2
天寿星与天才星同入命宫的影响？,948ae6ae
命宫有天寿星时，性格特点是什么？,948ae6ae
四化中天才星在事业发展上如何影响？,948ae6ae
天梁星在奴仆宫的影响是什么？,5c3b623e
四化中化权如何影响朋友部下的关系？,5c3b623e
庙旺天梁与加煞的组合意味着什么？,5c3b623e
文昌与文曲同宫对事业有何影响？,047f7628
化禄与化权的结合对职业发展有哪些正面效应？,047f7628
辅弼在官禄宫的作用如何影响个人的工作环境？,047f7628
七杀星在田宅宫的影响,6f623054
田宅宫加煞空劫的后果,6f623054
七杀星与廉贞化忌同宫的风险,6f623054
紫微入子午宫，如何影响事业发展？,b92dc2c0
紫微破军同宫，如何影响个性与人际关系？,b92dc2c0
紫微与天府同宫，能否说明其富贵格局？,b92dc2c0
擎羊星与陀罗星在命宫有何影响？,48b3a234
羊陀星组合在事业上会面临哪些挑战？,48b3a234
四化中如果有忌星与擎羊、陀罗同宫，会有什么凶兆？,48b3a234
命宫空亡的影响是什么？,26685b12
截空与旬空对事业的具体影响是什么？,26685b12
财帛宫遇空亡如何影响财运？,26685b12
天同星在疾厄宫有什么健康影响？,4c815a5b
天同化忌与阴煞同度容易导致哪些疾病？,4c815a5b
天同与巨门的组合可能引发哪些健康问题？,4c815a5b
太阳星在迁移宫的影响有哪些？,35412129
太阳化禄与异乡人关系如何？,35412129
化忌在外出时会造成哪些负面影响？,35412129
子女宫天府星的状态如何影响子女的个性和发展？,5e90646f
子女宫遇到吉化的情况会对孩子的学业和成就产生怎样的积极影响？,5e90646f
如果子女宫与四煞相遇，对家庭和子女的健康有什么潜在影响？,5e90646f
夫妻宫有太阳星，如何影响婚姻和配偶的性格？,3a654cca
太阳在戌宫时，配偶的情况如何？,3a654cca
化禄对夫妻关系和地位的影响是什么？,3a654cca
七杀星在兄弟宫的影响如何？,b049311a
命宫见左右吉星对兄弟关系有何影响？,b049311a
兄弟宫逢煞星时，兄弟关系会遭遇怎样的困扰？,b049311a
巨门星在疾厄宫的主要健康影响是什么？,bc8cc075
化禄对消化系统的影响是什么？,bc8cc075
逢空劫时易患哪些疾病？,bc8cc075
天相星在子女宫的影响是什么？,847782db
子女宫逢昌曲与左右同宫的组合如何影响子女的成就？,847782db
子女宫失陷时关于子女数量和健康的运势如何？,847782db
破军星在父母宫有何影响？,afb2f254
化禄与父母的关系改善程度如何？,afb2f254
父母宫中出现羊陀与空劫意味着什么？,afb2f254
武曲星在奴仆宫的交友状况如何？,41a61861
化禄对朋友及部属的影响是什么？,41a61861
武贪在交友和财务上可能面临哪些困扰？,41a61861
天府星在疾厄宫对健康有哪些影响？,7994b310
天府星与紫微、陀罗、铃星同度时会引发哪些病症？,7994b310
四化影响下天府星会导致哪些疾病加重？,7994b310
天机星在子女宫的影响如何？,c54f3b7c
化禄会在子女宫主导的特征是什么？,c54f3b7c
子女宫中遇到煞星时会有什么后果？,c54f3b7c
天哭与天虚同在命宫有什么影响？,d0cf93c5
天哭、天虚在庙地守命时会有什么吉凶表现？,d0cf93c5
天哭、天虚组合在流年中遇阍煞星，如何解读其凶性？,d0cf93c5
天机星在福德宫影响如何？,3b703253
化权对命宫的安定性有何作用？,3b703253
丑未宫与已亥宫的思虑特征有何不同？,3b703253
配偶温和耿直，爱好文学艺术，意味着什么样的婚姻状况？,1f0b23c5
太阴文曲同守于夫妻宫，如何影响事业与配偶的关系？,1f0b23c5
化禄与化权对配偶的性格和关系有何影响？,1f0b23c5
太阳星在子女宫的影响？,49811773
子女宫化禄体现了哪些积极特征？,49811773
阳阴同宫对子女的影响是什么？,49811773
天机星财帛宫不聚财？,5c9e8137
财来财去的原因是什么？,5c9e8137
加禄存化禄如何影响财运？,5c9e8137
破军星在疾厄宫的影响是什么？,3d16326d
化禄与破军星的关系如何？,3d16326d
破军星与擎羊、陀罗同宫时可能导致哪些健康问题？,3d16326d
紫微星在命宫的影响是怎样的？,5e1ed843
紫微星与百官朝拱的关系如何？,5e1ed843
紫微星化权时，权威性如何增强？,5e1ed843
天府星在田宅宫的影响？,9a1a8243
田宅宫与火星同度时的注意事项？,9a1a8243
四化中禄存对田宅宫的财运有何影响？,9a1a8243
武曲星在官禄宫的事业运如何？,299ec9b9
武曲化权会对工作产生怎样的影响？,299ec9b9
命宫有廉贞时，事业发展特点是什么？,299ec9b9
兄弟宫有太阳星，如何影响兄弟关系？,b358be0c
化禄在兄弟宫，兄弟事业有何助益？,b358be0c
兄弟宫逢化忌，可能带来哪些不利影响？,b358be0c
巨门星在官禄宫对事业运的影响？,bc85a84d
逢化禄时如何凭口舌生财？,bc85a84d
巨门化忌加天刑后可能面临的官非是什么？,bc85a84d
天相星在父母宫的影响有哪些？,d887d021
父母宫与廉贞同宫时会带来怎样的家庭关系？,d887d021
如果父母宫遇到羊陀夹，会对父母的健康产生哪些影响？,d887d021
七杀星在财帛宫的影响是什么？,17599d7d
财运如何受禄马的影响？,17599d7d
遇到擎羊和空劫时，财运会有什么变化？,17599d7d
博士入命宫的影响是什么？,e7217224
力士与化权同宫如何增权力？,e7217224
会飞廉的组合对人际关系有哪些影响？,e7217224
贪狼星在官禄宫的职业倾向是什么？,61498654
逢化禄时，宜从事哪些有耐心的工作？,61498654
如何看待贪狼星与火铃同宫对事业的影响？,61498654
巨门星在父母宫会产生怎样的影响？,bfc008a9
化权影响下与父母的关系如何？,bfc008a9
父母宫的吉凶组合对个人命运的影响是什么？,bfc008a9
破军星在官禄宫的影响是什么？,416d5b5a
化禄对破军星事业运的影响如何？,416d5b5a
破军与羊陀同宫会对人生带来什么后果？,416d5b5a
台辅星在命宫代表什么特征？,98c1be2f
封诰星与封闭之意有何关系？,98c1be2f
恩光星和天贵星的组合对事业有何影响？,98c1be2f
夫妻宫巨门星与化禄相遇的情感关系如何改善？,7ee2f845
巨门与太阳的组合是否能保证婚姻和美？,7ee2f845
四化中化忌将如何影响夫妻关系和命运？,7ee2f845
太阴星在福德宫的特征是什么？,86c8eb77
化禄对物质享受的影响是什么？,86c8eb77
太阴星与火铃、羊陀同宫会有什么潜在问题？,86c8eb77
太阴星在奴仆宫对异性缘的影响是什么？,60947bba
太阴星与火铃或禄存同宫会如何影响朋友关系？,60947bba
化禄对事业和朋友部下的助力如何体现？,60947bba
破军星在财帛宫的影响是什么？,e21ae7a5
财帛宫逢化禄的财运如何？,e21ae7a5
破军加火铃的财运格局会导致什么结果？,e21ae7a5
巨门星在奴仆宫的影响是什么？,8691e360
化禄对朋友部属关系有何影响？,8691e360
化忌在君臣关系上可能导致怎样的结果？,8691e360
紫微星入疾厄宫对健康有何影响？,198dbd04
紫微与化权、化科组合的健康格局如何？,198dbd04
紫微在疾厄宫遇煞星会产生哪些疾病？,198dbd04
天机星在疾厄宫的主要疾病有哪些？,5adf8a4f
天机化忌和火铃同宫会导致什么健康问题？,5adf8a4f
天机与巨星同宫时如何影响肝胃健康？,5adf8a4f
天梁星在夫妻宫的影响是什么？,1e857987
天梁化权和化禄对感情的影响如何？,1e857987
夫妻宫与子午宫的配偶特征有哪些？,1e857987
天巫星在命宫有什么影响？,e4f3b90f
天巫入身宫的特征及其对个人发展的意义？,e4f3b90f
四化禄权科忌与天巫星的关系如何影响升迁和遗产？,e4f3b90f
七杀星在奴仆宫的影响？,840af7f0
见禄存化禄如何调和七杀星的孤克特性？,840af7f0
火星与吉星同见时的助力如何表现？,840af7f0
太阴星入财帛宫代表什么财运特征？,963ea696
四化中化禄与太阴星的组合如何影响财运？,963ea696
太阴星与煞星共同影响财运时会出现哪些情况？,963ea696
天相星在迁移宫的影响是什么？,0b8ca9e8
紫微与天相同宫对外出事业的助益如何？,0b8ca9e8
四化（化禄、化权、化科、化忌）对事业发展有何影响？,0b8ca9e8
阴煞星在命宫的影响是什么？,bf9cdc61
阴煞星对事业和人际关系的潜在威胁如何？,bf9cdc61
阴煞星入疾宫会导致哪些健康问题？,bf9cdc61
廉贞星在官禄宫对事业的影响是什么？,231d4d5c
廉贞化禄会带来哪些职业发展的机遇？,231d4d5c
逢化忌时，事业发展会面临哪些阻力？,231d4d5c
火铃星在命宫的影响是什么？,c50f70ef
火星与铃星同守对婚姻生活有何影响？,c50f70ef
火铃在命宫遇到吉星的情况下会有什么样的事业发展？,c50f70ef
长生入命宫有什么影响？,05c159d9
沐浴在命宫的含义是什么？,05c159d9
衰与临官相遇会有什么结果？,05c159d9
七杀在迁移宫对事业的影响是什么？,22cf9b83
七杀与煞忌组合会带来哪些意外风险？,22cf9b83
七杀加禄存化禄如何影响名利双收？,22cf9b83
天机星在官禄宫的影响是什么？,d0e7476a
化禄与化忌对于事业的影响如何？,d0e7476a
天机化禄与太阴化忌的组合有何用途？,d0e7476a
天府星在财帛宫的表现如何？,8b2b870a
天府星逢禄存化禄时，财运如何改变？,8b2b870a
丑未宫成日月夹财时，需见哪些星曜才能入格？,8b2b870a
武曲星在福德宫的特征是什么？,2e6360b1
化禄对武曲星的影响有哪些？,2e6360b1
武曲与贪狼星的组合对感情生活有什么影响？,2e6360b1
配偶星天相与右弼同宫，如何影响婚姻质量？,64cdfcf1
配偶居丑未宫，是否能导致多次婚姻？,64cdfcf1
天相星在失陷状态下，夫妻性情如何协调？,64cdfcf1
事业宫的吉凶如何影响命宫的贵气成就？,0ba642eb
官禄宫遇到煞星会有什么样的影响？,0ba642eb
四化（禄、权、科、忌）在事业宫的表现如何？,0ba642eb
七杀星在福德宫的影响与凶意是什么？,eac993d1
遇到武曲星时，七杀星在福德宫可能导致哪些问题？,eac993d1
七杀加煞的格局对婚姻和个人理想有何影响？,eac993d1
太阴星在父母宫的影响？,a8a140bc
化禄对与母亲关系的提升作用？,a8a140bc
加煞刑忌对母亲健康的影响？,a8a140bc
巨门星在迁移宫对外出运程的影响？,3d47ed8e
化禄与化忌在迁移宫的运势变化？,3d47ed8e
太阳庙旺与失陷在迁移宫的具体表现？,3d47ed8e
天梁星在子女宫的影响是什么？,bcf8bb87
化权与化科在子女发展的作用如何？,bcf8bb87
昌曲同宫会对子女的才华产生什么影响？,bcf8bb87
奴仆宫强且吉星多如何影响人际关系？,3cb417b6
奴仆宫太强而命宫弱会有什么后果？,3cb417b6
奴仆宫有四煞代表什么样的交友危机？,3cb417b6
兄弟宫廉贞星的影响是什么？,95b63e02
如何看待兄弟之间的交情以及相处状态？,95b63e02
兄弟宫的煞星影响对人际关系有何影响？,95b63e02
太阴星在命宫的影响是什么？,7c6a9d21
太阴化禄对财运和感情的作用如何？,7c6a9d21
太阴守命时，会有哪些感情困扰和身体健康问题？,7c6a9d21
破军星在迁移宫的影响是什么？,70491ef3
破军星逢化禄对事业发展的作用如何？,70491ef3
在外劳碌不安的主要星曜组合有哪些？,70491ef3
左辅星和右弼星在命宫的影响是什么？,500100bc
左辅和右弼同宫会带来怎样的事业运势？,500100bc
四化科与左右二星的结合会有什么样的助力效果？,500100bc
太阴星在兄弟宫的影响如何？,dcf46c8b
化禄、化权、化科在兄弟宫的作用分别是什么？,dcf46c8b
男性兄弟朋友在感情上是否脆弱？,dcf46c8b
田宅宫的吉凶如何影响家庭与邻居关系？,bc6ea30c
田宅宫逢吉星时对祖业的影响是什么？,bc6ea30c
田宅宫在不动产买卖时有哪些需要注意的禁忌？,bc6ea30c
